<?xml version="1.0" encoding="UTF-8"?>
<beans xmlns="http://www.springframework.org/schema/beans"
	xmlns:xsi="http://www.w3.org/2001/XMLSchema-instance" 
	xmlns:aop="http://www.springframework.org/schema/aop"
	xsi:schemaLocation="http://www.springframework.org/schema/beans 
	http://www.springframework.org/schema/beans/spring-beans-4.0.xsd">

	<bean id="exchangeService" class="com.igate.intro.ExchangeServiceImpl">
	  <constructor-arg>
	  	<map>
	  		<entry key="INR" value="67.1"/>
	  		<entry key="SGD" value="1.02"/>
	  		<entry key="JPY" value="79.8"/>
	  	</map>
	  </constructor-arg>
	</bean>

	<bean id="currencyConverter" 
		class="com.igate.intro.CurrencyConverterImpl"
		init-method="doInit" destroy-method="doDestroy" >
		<property name="exchangeService">
			<ref bean="exchangeService"/>		
		</property>
	</bean>

</beans>