<?xml version="1.0" encoding="UTF-8"?>

<beans xmlns="http://www.springframework.org/schema/beans"
	xmlns:xsi="http://www.w3.org/2001/XMLSchema-instance" xmlns:context="http://www.springframework.org/schema/context"
	xmlns:tx="http://www.springframework.org/schema/tx"
	xsi:schemaLocation="http://www.springframework.org/schema/beans http://www.springframework.org/schema/beans/spring-beans.xsd
		http://www.springframework.org/schema/context http://www.springframework.org/schema/context/spring-context.xsd
		http://www.springframework.org/schema/tx http://www.springframework.org/schema/tx/spring-tx-3.2.xsd">
	<bean id="dataSource"
		class="org.springframework.jdbc.datasource.DriverManagerDataSource">
		<property name="driverClassName" value="oracle.jdbc.driver.OracleDriver" />
		<property name="username" value="hr" />
		<property name="password" value="hr" />
		<property name="url" value="jdbc:oracle:thin:@localhost:1521:xe" />
	</bean>
	
	<bean id="emFactory" class="org.springframework.orm.jpa.LocalContainerEntityManagerFactoryBean">
		<property name="dataSource" ref="dataSource"/>
		<property name="packagesToScan" value="com.mahendra"/>
		<property name="persistenceProviderClass" value="org.hibernate.ejb.HibernatePersistence"/>
		<property name="jpaPropertyMap">
			<map>
				<entry key="hibernate.dialect" value="org.hibernate.dialect.Oracle10gDialect" />
				<entry key="hibernate.hbm2ddl.auto" value="update"/>
			</map>
		</property>
	</bean>
	<context:component-scan base-package="com.mahendra"/>
	<!-- Uncomment and add your base-package here: <context:component-scan base-package="org.springframework.samples.service"/> -->

</beans>
